time,level,lat,lon,pressure,wind,number,name
2013-01-01 00:00,热带扰动,4.3,140.8,1008,10,201301,Sonamu
2013-01-01 06:00,热带扰动,4.5,139.0,1006,10,201301,Sonamu
2013-01-01 12:00,热带扰动,5.0,136.8,1006,10,201301,Sonamu
2013-01-01 18:00,热带低压,5.8,134.5,1004,13,201301,Sonamu
2013-01-02 00:00,热带低压,6.4,132.2,1006,13,201301,Sonamu
2013-01-02 06:00,热带低压,7.3,130.0,1004,13,201301,Sonamu
2013-01-02 12:00,热带低压,7.7,128.1,1006,13,201301,Sonamu
2013-01-02 18:00,热带低压,8.1,126.3,1004,15,201301,Sonamu
2013-01-03 00:00,热带低压,8.6,123.5,1004,15,201301,Sonamu
2013-01-03 06:00,热带低压,8.9,121.3,1004,15,201301,Sonamu
2013-01-03 12:00,热带风暴,8.8,119.5,1002,18,201301,Sonamu
2013-01-03 18:00,热带风暴,8.7,117.9,1002,18,201301,Sonamu
2013-01-04 00:00,热带风暴,8.6,116.7,1002,18,201301,Sonamu
2013-01-04 06:00,热带风暴,8.5,115.2,1000,20,201301,Sonamu
2013-01-04 12:00,热带风暴,8.3,114.1,998,20,201301,Sonamu
2013-01-04 18:00,热带风暴,8.1,113.1,996,20,201301,Sonamu
2013-01-05 00:00,热带风暴,8.0,112.1,992,23,201301,Sonamu
2013-01-05 06:00,热带风暴,7.9,111.4,992,23,201301,Sonamu
2013-01-05 12:00,热带风暴,7.7,110.8,992,23,201301,Sonamu
2013-01-05 18:00,热带风暴,7.5,110.5,992,23,201301,Sonamu
2013-01-06 00:00,热带风暴,7.4,110.1,992,23,201301,Sonamu
2013-01-06 06:00,热带风暴,7.3,109.6,994,20,201301,Sonamu
2013-01-06 12:00,热带风暴,7.3,109.1,998,20,201301,Sonamu
2013-01-06 18:00,热带风暴,7.1,108.7,998,20,201301,Sonamu
2013-01-07 00:00,热带风暴,6.7,108.3,998,20,201301,Sonamu
2013-01-07 06:00,热带风暴,6.4,108.3,1000,18,201301,Sonamu
2013-01-07 12:00,热带风暴,6.1,108.4,1000,18,201301,Sonamu
2013-01-07 18:00,热带风暴,5.9,108.5,1002,18,201301,Sonamu
2013-01-08 00:00,热带低压,5.7,108.6,1004,15,201301,Sonamu
2013-01-08 06:00,热带低压,5.5,108.9,1006,15,201301,Sonamu
2013-01-08 12:00,热带低压,5.1,109.3,1006,15,201301,Sonamu
2013-01-08 18:00,热带低压,4.6,109.8,1008,13,201301,Sonamu
2013-01-09 00:00,热带低压,4.2,110.3,1008,13,201301,Sonamu
2013-01-09 06:00,热带扰动,4.0,110.7,1010,10,201301,Sonamu
2013-02-18 06:00,热带低压,5.0,131.0,1004,13,201302,Shanshan
2013-02-18 12:00,热带低压,5.6,129.3,1004,13,201302,Shanshan
2013-02-18 18:00,热带低压,5.9,127.4,1002,13,201302,Shanshan
2013-02-19 00:00,热带低压,6.1,126.5,1004,13,201302,Shanshan
2013-02-19 06:00,热带低压,6.5,124.8,1002,13,201302,Shanshan
2013-02-19 12:00,热带低压,6.9,123.5,1004,13,201302,Shanshan
2013-02-19 18:00,热带低压,7.1,122.7,1002,13,201302,Shanshan
2013-02-20 00:00,热带低压,7.3,121.3,1004,13,201302,Shanshan
2013-02-20 06:00,热带低压,7.5,120.6,1004,13,201302,Shanshan
2013-02-20 12:00,热带低压,7.6,119.8,1004,13,201302,Shanshan
2013-02-20 18:00,热带低压,7.5,117.8,1006,15,201302,Shanshan
2013-02-21 00:00,热带低压,7.5,115.0,1006,15,201302,Shanshan
2013-02-21 06:00,热带低压,7.2,112.7,1006,15,201302,Shanshan
2013-02-21 12:00,热带低压,6.7,111.3,1006,15,201302,Shanshan
2013-02-21 18:00,热带风暴,6.1,110.3,1004,18,201302,Shanshan
2013-02-22 00:00,热带风暴,5.7,109.8,1004,18,201302,Shanshan
2013-02-22 06:00,热带风暴,5.4,109.7,1004,18,201302,Shanshan
2013-02-22 12:00,热带风暴,5.0,109.7,1004,18,201302,Shanshan
2013-02-22 18:00,热带风暴,4.7,109.5,1004,18,201302,Shanshan
2013-02-23 00:00,热带低压,4.0,109.3,1006,15,201302,Shanshan
2013-02-23 06:00,热带扰动,3.6,109.5,1008,10,201302,Shanshan
2013-06-07 06:00,热带扰动,15.7,129.5,1010,10,201303,Yagi
2013-06-07 12:00,热带低压,16.3,129.7,1008,13,201303,Yagi
2013-06-07 18:00,热带低压,16.7,129.5,1006,13,201303,Yagi
2013-06-08 00:00,热带低压,17.0,129.2,1004,15,201303,Yagi
2013-06-08 06:00,热带低压,17.4,129.4,1002,15,201303,Yagi
2013-06-08 12:00,热带风暴,17.8,129.9,1000,18,201303,Yagi
2013-06-08 18:00,热带风暴,18.7,130.4,998,18,201303,Yagi
2013-06-09 00:00,热带风暴,19.7,131.0,995,18,201303,Yagi
2013-06-09 06:00,热带风暴,20.5,131.5,995,20,201303,Yagi
2013-06-09 12:00,热带风暴,21.1,132.1,995,20,201303,Yagi
2013-06-09 18:00,热带风暴,21.6,132.8,995,20,201303,Yagi
2013-06-10 00:00,热带风暴,22.4,133.4,992,23,201303,Yagi
2013-06-10 06:00,热带风暴,23.4,134.1,990,23,201303,Yagi
2013-06-10 12:00,热带风暴,24.5,134.9,990,23,201303,Yagi
2013-06-10 18:00,强热带风暴,25.9,135.8,985,25,201303,Yagi
2013-06-11 00:00,强热带风暴,27.6,136.3,985,25,201303,Yagi
2013-06-11 06:00,热带风暴,29.2,136.9,990,23,201303,Yagi
2013-06-11 12:00,热带风暴,30.1,136.7,990,23,201303,Yagi
2013-06-11 18:00,热带风暴,30.8,136.8,992,20,201303,Yagi
2013-06-12 00:00,热带风暴,30.9,137.4,992,18,201303,Yagi
2013-06-12 06:00,热带风暴,30.9,138.1,994,18,201303,Yagi
2013-06-12 12:00,热带低压,31.2,138.9,998,16,201303,Yagi
2013-06-12 18:00,热带低压,31.7,139.4,998,16,201303,Yagi
2013-06-13 00:00,热带低压,32.1,139.5,1000,13,201303,Yagi
2013-06-13 06:00,热带低压,32.4,139.4,1000,13,201303,Yagi
2013-06-13 12:00,热带低压,32.3,138.9,1000,13,201303,Yagi
2013-06-13 18:00,热带低压,31.7,138.7,1002,13,201303,Yagi
2013-06-14 00:00,热带扰动,31.2,139.1,1004,10,201303,Yagi
2013-06-14 06:00,热带扰动,30.8,139.5,1004,10,201303,Yagi
2013-06-14 12:00,热带扰动,30.6,139.8,1004,10,201303,Yagi
2013-06-14 18:00,热带扰动,30.7,140.1,1004,10,201303,Yagi
2013-06-16 06:00,热带扰动,12.2,128.2,1002,10,201304,Leepi
2013-06-16 12:00,热带扰动,12.4,127.5,1002,10,201304,Leepi
2013-06-16 18:00,热带低压,12.7,127.1,1002,13,201304,Leepi
2013-06-17 00:00,热带低压,13.2,126.9,1002,15,201304,Leepi
2013-06-17 06:00,热带低压,13.8,126.7,1000,15,201304,Leepi
2013-06-17 12:00,热带低压,14.6,126.7,1000,15,201304,Leepi
2013-06-17 18:00,热带低压,15.5,126.6,998,15,201304,Leepi
2013-06-18 00:00,热带风暴,16.7,126.6,996,18,201304,Leepi
2013-06-18 06:00,热带风暴,17.7,126.4,996,18,201304,Leepi
2013-06-18 12:00,热带风暴,18.9,126.3,992,20,201304,Leepi
2013-06-18 18:00,热带风暴,19.9,126.0,992,20,201304,Leepi
2013-06-19 00:00,热带风暴,20.9,125.7,992,20,201304,Leepi
2013-06-19 06:00,热带风暴,22.4,125.3,992,20,201304,Leepi
2013-06-19 12:00,热带风暴,23.9,125.1,992,20,201304,Leepi
2013-06-19 18:00,热带风暴,25.2,124.9,994,20,201304,Leepi
2013-06-20 00:00,热带风暴,26.8,125.0,996,20,201304,Leepi
2013-06-20 06:00,热带风暴,28.5,125.3,996,18,201304,Leepi
2013-06-20 12:00,热带风暴,29.9,125.5,996,18,201304,Leepi
2013-06-20 18:00,热带风暴,30.9,126.5,996,18,201304,Leepi
2013-06-21 00:00,温带气旋,32.0,127.3,998,15,201304,Leepi
2013-06-21 06:00,温带气旋,32.7,129.8,1000,15,201304,Leepi
2013-06-21 12:00,温带气旋,32.4,135.6,1004,13,201304,Leepi
2013-06-21 18:00,温带气旋,32.6,140.0,1000,13,201304,Leepi
2013-06-22 00:00,温带气旋,33.4,145.8,1000,10,201304,Leepi
2013-06-22 06:00,温带气旋,34.1,150.1,1000,10,201304,Leepi
2013-06-19 18:00,热带低压,15.3,116.8,1002,13,201305,Bebinca
2013-06-20 00:00,热带低压,15.7,117.0,1002,15,201305,Bebinca
2013-06-20 06:00,热带低压,16.1,117.3,1002,15,201305,Bebinca
2013-06-20 12:00,热带低压,16.6,117.4,1000,15,201305,Bebinca
2013-06-20 18:00,热带低压,17.3,117.0,1000,15,201305,Bebinca
2013-06-21 00:00,热带风暴,18.1,116.3,998,18,201305,Bebinca
2013-06-21 06:00,热带风暴,18.7,115.3,994,18,201305,Bebinca
2013-06-21 12:00,热带风暴,19.1,114.4,990,20,201305,Bebinca
2013-06-21 18:00,热带风暴,19.3,112.9,990,23,201305,Bebinca
2013-06-22 00:00,热带风暴,19.4,111.4,988,23,201305,Bebinca
2013-06-22 06:00,热带风暴,19.0,110.0,988,23,201305,Bebinca
2013-06-22 12:00,热带风暴,19.0,108.8,988,20,201305,Bebinca
2013-06-22 18:00,热带风暴,19.1,108.0,990,20,201305,Bebinca
2013-06-23 00:00,热带风暴,19.3,107.2,990,20,201305,Bebinca
2013-06-23 06:00,热带风暴,19.8,106.8,990,20,201305,Bebinca
2013-06-23 12:00,热带风暴,20.3,106.6,992,18,201305,Bebinca
2013-06-23 18:00,热带低压,20.6,106.3,994,16,201305,Bebinca
2013-06-24 00:00,热带低压,21.2,105.9,996,13,201305,Bebinca
2013-06-24 06:00,热带扰动,21.8,105.8,998,10,201305,Bebinca
2013-06-27 06:00,热带低压,9.0,132.2,1006,13,201306,Rumbia
2013-06-27 12:00,热带低压,9.0,131.2,1006,13,201306,Rumbia
2013-06-27 18:00,热带低压,9.1,130.3,1004,13,201306,Rumbia
2013-06-28 00:00,热带低压,9.4,129.3,1002,15,201306,Rumbia
2013-06-28 06:00,热带低压,9.8,128.4,1000,15,201306,Rumbia
2013-06-28 12:00,热带低压,10.3,127.6,1000,15,201306,Rumbia
2013-06-28 18:00,热带风暴,11.0,126.7,998,18,201306,Rumbia
2013-06-29 00:00,热带风暴,11.6,125.2,998,18,201306,Rumbia
2013-06-29 06:00,热带风暴,12.4,124.3,998,18,201306,Rumbia
2013-06-29 12:00,热带风暴,13.2,123.2,998,18,201306,Rumbia
2013-06-29 18:00,热带风暴,13.8,121.3,998,18,201306,Rumbia
2013-06-30 00:00,热带风暴,14.6,119.7,996,20,201306,Rumbia
2013-06-30 06:00,热带风暴,15.5,118.3,996,20,201306,Rumbia
2013-06-30 12:00,热带风暴,16.7,117.1,992,23,201306,Rumbia
2013-06-30 18:00,热带风暴,17.6,115.5,992,23,201306,Rumbia
2013-07-01 00:00,强热带风暴,18.3,114.0,988,25,201306,Rumbia
2013-07-01 06:00,强热带风暴,19.0,112.7,980,28,201306,Rumbia
2013-07-01 12:00,强热带风暴,19.7,111.7,972,30,201306,Rumbia
2013-07-01 18:00,强热带风暴,20.6,110.7,972,30,201306,Rumbia
2013-07-02 00:00,强热带风暴,21.4,110.0,980,25,201306,Rumbia
2013-07-02 06:00,热带风暴,22.8,109.4,990,23,201306,Rumbia
2013-07-02 12:00,热带低压,24.1,108.4,998,15,201306,Rumbia
2013-07-02 18:00,热带扰动,25.2,107.2,1000,10,201306,Rumbia
2013-07-07 00:00,热带低压,18.9,150.9,1010,13,201307,Soulik
2013-07-07 06:00,热带低压,18.9,149.7,1008,13,201307,Soulik
2013-07-07 12:00,热带低压,19.1,148.6,1006,15,201307,Soulik
2013-07-07 18:00,热带低压,19.2,147.0,1004,15,201307,Soulik
2013-07-08 00:00,热带风暴,19.2,145.4,1000,18,201307,Soulik
2013-07-08 06:00,热带风暴,19.2,143.9,992,23,201307,Soulik
2013-07-08 12:00,强热带风暴,19.2,142.7,990,25,201307,Soulik
2013-07-08 18:00,强热带风暴,19.3,141.5,985,28,201307,Soulik
2013-07-09 00:00,台风,19.6,140.4,975,33,201307,Soulik
2013-07-09 06:00,台风,19.9,139.4,965,38,201307,Soulik
2013-07-09 12:00,强台风,20.4,138.1,955,45,201307,Soulik
2013-07-09 18:00,超强台风,20.7,137.1,945,52,201307,Soulik
2013-07-10 00:00,超强台风,21.1,135.8,935,55,201307,Soulik
2013-07-10 06:00,超强台风,21.5,134.8,935,55,201307,Soulik
2013-07-10 12:00,超强台风,21.8,133.5,935,55,201307,Soulik
2013-07-10 18:00,超强台风,21.9,132.3,935,55,201307,Soulik
2013-07-11 00:00,超强台风,22.1,130.9,935,52,201307,Soulik
2013-07-11 06:00,强台风,22.3,129.7,940,50,201307,Soulik
2013-07-11 12:00,强台风,22.4,128.4,945,45,201307,Soulik
2013-07-11 18:00,强台风,22.6,127.0,945,45,201307,Soulik
2013-07-12 00:00,强台风,22.8,126.0,950,42,201307,Soulik
2013-07-12 06:00,强台风,23.2,124.9,950,42,201307,Soulik
2013-07-12 12:00,强台风,23.9,123.9,950,42,201307,Soulik
2013-07-12 18:00,强台风,24.7,122.5,950,42,201307,Soulik
2013-07-13 00:00,台风,25.1,121.0,960,38,201307,Soulik
2013-07-13 06:00,台风,25.9,120.0,975,33,201307,Soulik
2013-07-13 12:00,强热带风暴,26.1,118.6,985,28,201307,Soulik
2013-07-13 18:00,热带风暴,27.0,117.2,994,20,201307,Soulik
2013-07-14 00:00,热带低压,28.0,116.4,998,15,201307,Soulik
2013-07-14 06:00,热带扰动,28.7,115.9,1000,10,201307,Soulik
2013-07-14 12:00,热带扰动,29.3,115.3,1002,10,201307,Soulik
2013-07-14 18:00,热带扰动,13.5,128.5,1008,10,201308,Cimaron
2013-07-15 00:00,热带扰动,14.2,127.5,1008,10,201308,Cimaron
2013-07-15 06:00,热带低压,14.4,126.3,1006,13,201308,Cimaron
2013-07-15 12:00,热带低压,14.5,125.3,1004,13,201308,Cimaron
2013-07-15 18:00,热带低压,14.7,124.9,1004,13,201308,Cimaron
2013-07-16 00:00,热带低压,15.0,124.7,1004,15,201308,Cimaron
2013-07-16 06:00,热带低压,15.7,124.2,1002,15,201308,Cimaron
2013-07-16 12:00,热带低压,16.3,123.6,1000,15,201308,Cimaron
2013-07-16 18:00,热带低压,17.2,123.1,1000,15,201308,Cimaron
2013-07-17 00:00,热带风暴,18.5,122.0,1000,18,201308,Cimaron
2013-07-17 06:00,热带风暴,19.7,120.8,998,18,201308,Cimaron
2013-07-17 12:00,热带风暴,20.1,119.5,995,20,201308,Cimaron
2013-07-17 18:00,热带风暴,20.7,118.5,995,20,201308,Cimaron
2013-07-18 00:00,热带风暴,21.7,118.1,990,23,201308,Cimaron
2013-07-18 06:00,热带风暴,23.0,118.1,995,23,201308,Cimaron
2013-07-18 12:00,热带风暴,23.9,118.1,995,23,201308,Cimaron
2013-07-18 18:00,热带低压,25.1,117.6,1002,16,201308,Cimaron
2013-07-19 00:00,热带扰动,26.0,117.7,1006,10,201308,Cimaron
2013-07-28 18:00,热带低压,12.3,120.0,1006,13,201309,Jebi
2013-07-29 00:00,热带低压,12.7,119.9,1006,13,201309,Jebi
2013-07-29 06:00,热带低压,13.2,119.8,1004,13,201309,Jebi
2013-07-29 12:00,热带低压,13.7,119.7,1004,15,201309,Jebi
2013-07-29 18:00,热带低压,14.1,119.4,1004,15,201309,Jebi
2013-07-30 00:00,热带低压,14.3,118.6,1004,15,201309,Jebi
2013-07-30 06:00,热带低压,14.4,117.7,1002,15,201309,Jebi
2013-07-30 12:00,热带低压,14.5,117.0,1002,15,201309,Jebi
2013-07-30 18:00,热带低压,14.7,116.4,1002,15,201309,Jebi
2013-07-31 00:00,热带低压,14.9,115.9,1000,15,201309,Jebi
2013-07-31 06:00,热带风暴,15.0,115.3,998,18,201309,Jebi
2013-07-31 12:00,热带风暴,15.1,114.8,998,18,201309,Jebi
2013-07-31 18:00,热带风暴,15.1,114.2,995,20,201309,Jebi
2013-08-01 00:00,热带风暴,15.6,113.9,995,20,201309,Jebi
2013-08-01 06:00,热带风暴,16.2,113.8,992,23,201309,Jebi
2013-08-01 12:00,热带风暴,16.7,113.6,992,23,201309,Jebi
2013-08-01 18:00,强热带风暴,17.3,113.2,985,25,201309,Jebi
2013-08-02 00:00,强热带风暴,17.9,112.5,982,28,201309,Jebi
2013-08-02 06:00,强热带风暴,18.7,111.8,980,30,201309,Jebi
2013-08-02 12:00,强热带风暴,19.7,110.7,982,28,201309,Jebi
2013-08-02 18:00,强热带风暴,20.4,109.3,982,28,201309,Jebi
2013-08-03 00:00,强热带风暴,21.1,108.1,982,28,201309,Jebi
2013-08-03 06:00,热带风暴,21.7,106.8,990,23,201309,Jebi
2013-08-03 12:00,热带低压,22.3,105.3,1000,15,201309,Jebi
2013-08-05 00:00,热带低压,10.7,117.6,1004,13,201310,Mangkhut
2013-08-05 06:00,热带低压,11.3,117.0,1002,15,201310,Mangkhut
2013-08-05 12:00,热带低压,11.9,115.5,1002,15,201310,Mangkhut
2013-08-05 18:00,热带低压,13.0,113.8,1002,15,201310,Mangkhut
2013-08-06 00:00,热带低压,14.0,113.2,1000,15,201310,Mangkhut
2013-08-06 06:00,热带低压,14.9,112.2,1000,15,201310,Mangkhut
2013-08-06 12:00,热带风暴,15.7,110.9,998,18,201310,Mangkhut
2013-08-06 18:00,热带风暴,17.0,109.8,996,20,201310,Mangkhut
2013-08-07 00:00,热带风暴,18.0,108.6,992,23,201310,Mangkhut
2013-08-07 06:00,强热带风暴,18.8,107.3,988,28,201310,Mangkhut
2013-08-07 12:00,热带风暴,19.5,106.3,992,23,201310,Mangkhut
2013-08-07 18:00,热带风暴,19.9,105.3,998,18,201310,Mangkhut
2013-08-08 00:00,热带低压,20.0,104.2,1000,15,201310,Mangkhut
2013-08-08 18:00,热带低压,12.7,135.9,1006,15,201311,Utor
2013-08-09 00:00,热带低压,13.3,135.1,1004,15,201311,Utor
2013-08-09 06:00,热带低压,13.7,133.6,1002,15,201311,Utor
2013-08-09 12:00,热带风暴,13.7,132.6,998,18,201311,Utor
2013-08-09 18:00,热带风暴,13.6,131.6,990,23,201311,Utor
2013-08-10 00:00,强热带风暴,13.6,130.6,984,28,201311,Utor
2013-08-10 06:00,台风,13.9,129.2,970,35,201311,Utor
2013-08-10 12:00,台风,14.0,128.1,965,38,201311,Utor
2013-08-10 18:00,台风,14.2,127.1,965,38,201311,Utor
2013-08-11 00:00,强台风,14.5,125.9,960,42,201311,Utor
2013-08-11 06:00,超强台风,15.1,124.8,948,52,201311,Utor
2013-08-11 12:00,超强台风,15.5,123.6,925,60,201311,Utor
2013-08-11 18:00,超强台风,16.1,122.2,940,55,201311,Utor
2013-08-12 00:00,强台风,16.7,120.7,950,45,201311,Utor
2013-08-12 06:00,台风,17.2,119.2,960,40,201311,Utor
2013-08-12 12:00,台风,17.8,117.9,960,40,201311,Utor
2013-08-12 18:00,台风,18.0,116.7,960,40,201311,Utor
2013-08-13 00:00,强台风,18.4,115.2,955,42,201311,Utor
2013-08-13 06:00,强台风,18.9,114.1,955,42,201311,Utor
2013-08-13 12:00,强台风,19.3,113.5,955,42,201311,Utor
2013-08-13 18:00,强台风,19.8,113.0,955,42,201311,Utor
2013-08-14 00:00,强台风,20.6,112.3,955,42,201311,Utor
2013-08-14 06:00,强台风,21.5,112.0,955,42,201311,Utor
2013-08-14 12:00,台风,21.9,111.4,970,35,201311,Utor
2013-08-14 18:00,强热带风暴,22.4,110.9,985,25,201311,Utor
2013-08-15 00:00,热带风暴,23.1,110.7,988,20,201311,Utor
2013-08-15 06:00,热带风暴,23.6,110.7,992,18,201311,Utor
2013-08-15 12:00,热带低压,24.1,110.9,994,15,201311,Utor
2013-08-15 18:00,热带低压,24.3,111.2,994,15,201311,Utor
2013-08-16 00:00,热带低压,24.7,111.5,994,15,201311,Utor
2013-08-16 06:00,热带低压,24.8,111.4,994,15,201311,Utor
2013-08-16 12:00,热带低压,24.7,111.1,994,15,201311,Utor
2013-08-16 18:00,热带低压,24.6,110.8,994,15,201311,Utor
2013-08-17 00:00,热带低压,24.3,110.4,994,15,201311,Utor
2013-08-17 06:00,热带低压,24.0,110.1,994,15,201311,Utor
2013-08-17 12:00,热带低压,23.8,109.8,994,15,201311,Utor
2013-08-17 18:00,热带低压,23.6,109.7,994,15,201311,Utor
2013-08-18 00:00,热带低压,23.4,109.2,996,13,201311,Utor
2013-08-18 06:00,热带扰动,23.1,108.7,998,10,201311,Utor
2013-08-16 00:00,热带低压,23.0,123.6,1004,13,201312,Trami
2013-08-16 06:00,热带低压,22.7,123.2,1002,13,201312,Trami
2013-08-16 12:00,热带低压,22.3,123.5,1002,13,201312,Trami
2013-08-16 18:00,热带低压,21.8,124.2,1000,15,201312,Trami
2013-08-17 00:00,热带低压,21.4,124.8,1000,15,201312,Trami
2013-08-17 06:00,热带低压,20.8,125.5,1000,15,201312,Trami
2013-08-17 12:00,热带低压,20.3,126.1,1000,15,201312,Trami
2013-08-17 18:00,热带低压,20.2,126.7,998,15,201312,Trami
2013-08-18 00:00,热带低压,20.3,127.1,998,15,201312,Trami
2013-08-18 06:00,热带风暴,20.3,127.5,995,18,201312,Trami
2013-08-18 12:00,热带风暴,20.1,127.7,995,18,201312,Trami
2013-08-18 18:00,热带风暴,19.9,127.9,995,18,201312,Trami
2013-08-19 00:00,热带风暴,19.9,128.1,992,20,201312,Trami
2013-08-19 06:00,热带风暴,20.0,128.2,988,23,201312,Trami
2013-08-19 12:00,热带风暴,20.3,128.4,988,23,201312,Trami
2013-08-19 18:00,强热带风暴,20.8,128.6,985,25,201312,Trami
2013-08-20 00:00,强热带风暴,21.8,128.3,982,28,201312,Trami
2013-08-20 06:00,强热带风暴,23.1,127.6,982,28,201312,Trami
2013-08-20 12:00,强热带风暴,23.8,126.9,980,30,201312,Trami
2013-08-20 18:00,台风,24.5,126.2,975,33,201312,Trami
2013-08-21 00:00,台风,25.3,124.5,975,33,201312,Trami
2013-08-21 06:00,台风,25.6,122.8,975,33,201312,Trami
2013-08-21 12:00,台风,25.9,121.1,965,35,201312,Trami
2013-08-21 18:00,台风,25.7,119.7,956,35,201312,Trami
2013-08-22 00:00,强热带风暴,26.0,118.5,977,25,201312,Trami
2013-08-22 06:00,热带风暴,26.6,117.2,985,20,201312,Trami
2013-08-22 12:00,热带风暴,27.1,115.8,985,18,201312,Trami
2013-08-22 18:00,热带风暴,27.4,114.7,985,18,201312,Trami
2013-08-23 00:00,热带低压,27.4,113.6,990,15,201312,Trami
2013-08-23 06:00,热带低压,27.3,112.4,990,15,201312,Trami
2013-08-23 12:00,热带低压,27.0,111.5,995,13,201312,Trami
2013-08-16 00:00,热带低压,8.8,189.3,1008,13,201313,Pewa
2013-08-16 06:00,热带低压,9.2,188.5,1004,15,201313,Pewa
2013-08-16 12:00,热带风暴,9.5,187.2,1002,18,201313,Pewa
2013-08-16 18:00,热带风暴,9.6,186.2,1002,18,201313,Pewa
2013-08-17 00:00,热带风暴,9.9,185.0,1000,23,201313,Pewa
2013-08-17 06:00,热带风暴,10.3,184.1,1000,23,201313,Pewa
2013-08-17 12:00,强热带风暴,10.8,183.0,998,25,201313,Pewa
2013-08-17 18:00,强热带风暴,11.3,182.0,998,25,201313,Pewa
2013-08-18 00:00,强热带风暴,11.6,181.0,998,25,201313,Pewa
2013-08-18 06:00,强热带风暴,12.0,179.9,992,28,201313,Pewa
2013-08-18 12:00,强热带风暴,12.5,179.1,992,28,201313,Pewa
2013-08-18 18:00,强热带风暴,12.9,178.8,992,28,201313,Pewa
2013-08-19 00:00,台风,13.3,178.4,985,33,201313,Pewa
2013-08-19 06:00,台风,14.0,177.9,985,33,201313,Pewa
2013-08-19 12:00,强热带风暴,14.8,177.3,990,30,201313,Pewa
2013-08-19 18:00,强热带风暴,15.0,176.5,990,30,201313,Pewa
2013-08-20 00:00,强热带风暴,15.4,175.7,990,30,201313,Pewa
2013-08-20 06:00,热带风暴,16.2,174.8,995,23,201313,Pewa
2013-08-20 12:00,热带风暴,17.1,173.7,995,23,201313,Pewa
2013-08-20 18:00,热带风暴,18.0,172.7,995,23,201313,Pewa
2013-08-21 00:00,热带风暴,18.6,171.8,995,23,201313,Pewa
2013-08-21 06:00,热带风暴,19.5,171.3,995,20,201313,Pewa
2013-08-21 12:00,热带风暴,20.4,170.7,995,20,201313,Pewa
2013-08-21 18:00,热带风暴,21.2,170.0,995,20,201313,Pewa
2013-08-22 00:00,热带风暴,22.0,169.8,995,20,201313,Pewa
2013-08-22 06:00,热带风暴,23.0,169.5,995,20,201313,Pewa
2013-08-22 12:00,热带风暴,24.1,169.0,995,20,201313,Pewa
2013-08-22 18:00,热带风暴,25.0,168.8,995,20,201313,Pewa
2013-08-23 00:00,热带风暴,25.9,168.5,995,20,201313,Pewa
2013-08-23 06:00,热带风暴,26.4,168.4,998,18,201313,Pewa
2013-08-23 12:00,热带风暴,26.9,168.5,998,18,201313,Pewa
2013-08-23 18:00,热带风暴,27.1,168.9,998,18,201313,Pewa
2013-08-24 00:00,热带风暴,27.5,169.3,998,18,201313,Pewa
2013-08-24 06:00,热带风暴,27.8,168.9,998,18,201313,Pewa
2013-08-24 12:00,热带风暴,28.1,168.3,998,18,201313,Pewa
2013-08-24 18:00,热带低压,28.2,167.7,1000,15,201313,Pewa
2013-08-25 00:00,热带低压,28.5,166.8,1000,15,201313,Pewa
2013-08-25 06:00,热带低压,28.7,166.1,1000,15,201313,Pewa
2013-08-25 12:00,热带低压,29.3,165.9,1002,13,201313,Pewa
2013-08-25 18:00,热带低压,29.8,165.7,1002,13,201313,Pewa
2013-08-26 00:00,热带低压,30.8,165.5,1002,13,201313,Pewa
2013-08-26 06:00,热带低压,32.0,165.1,1002,13,201313,Pewa
2013-08-18 12:00,热带低压,15.9,184.7,1008,13,201314,Unala
2013-08-18 18:00,热带低压,16.8,183.6,1004,15,201314,Unala
2013-08-19 00:00,热带风暴,17.0,182.0,1002,18,201314,Unala
2013-08-19 06:00,热带风暴,17.4,179.9,1002,18,201314,Unala
2013-08-19 12:00,热带低压,17.4,178.8,1004,15,201314,Unala
2013-08-25 12:00,热带低压,13.5,128.5,1004,15,201315,Kong-rey
2013-08-25 18:00,热带低压,14.6,127.6,1004,15,201315,Kong-rey
2013-08-26 00:00,热带低压,15.7,126.3,1004,15,201315,Kong-rey
2013-08-26 06:00,热带风暴,16.4,125.0,1000,18,201315,Kong-rey
2013-08-26 12:00,热带风暴,17.1,124.3,998,18,201315,Kong-rey
2013-08-26 18:00,热带风暴,17.8,124.0,998,18,201315,Kong-rey
2013-08-27 00:00,热带风暴,18.6,123.9,996,20,201315,Kong-rey
2013-08-27 06:00,热带风暴,19.5,123.8,996,20,201315,Kong-rey
2013-08-27 12:00,热带风暴,20.0,123.6,990,23,201315,Kong-rey
2013-08-27 18:00,强热带风暴,20.6,123.2,988,25,201315,Kong-rey
2013-08-28 00:00,强热带风暴,21.0,122.8,988,25,201315,Kong-rey
2013-08-28 06:00,强热带风暴,21.8,122.7,988,25,201315,Kong-rey
2013-08-28 12:00,强热带风暴,22.8,122.7,988,25,201315,Kong-rey
2013-08-28 18:00,强热带风暴,23.7,122.6,988,25,201315,Kong-rey
2013-08-29 00:00,热带风暴,25.1,122.5,990,23,201315,Kong-rey
2013-08-29 06:00,热带风暴,26.1,122.4,994,20,201315,Kong-rey
2013-08-29 12:00,热带风暴,26.7,122.3,994,20,201315,Kong-rey
2013-08-29 18:00,热带风暴,27.3,122.7,994,20,201315,Kong-rey
2013-08-30 00:00,热带风暴,28.7,123.6,996,18,201315,Kong-rey
2013-08-30 06:00,热带风暴,29.9,124.5,996,18,201315,Kong-rey
2013-08-30 12:00,热带风暴,30.8,125.7,996,18,201315,Kong-rey
2013-08-30 18:00,温带气旋,32.4,127.5,1000,15,201315,Kong-rey
2013-08-31 00:00,温带气旋,33.4,129.5,1000,15,201315,Kong-rey
2013-08-31 06:00,温带气旋,33.0,131.9,1004,13,201315,Kong-rey
2013-09-01 06:00,热带风暴,33.5,176.6,1002,18,201316,Yutu
2013-09-01 12:00,热带风暴,33.6,176.7,1002,18,201316,Yutu
2013-09-01 18:00,热带风暴,33.7,176.9,1002,18,201316,Yutu
2013-09-02 00:00,热带低压,33.7,177.1,1004,15,201316,Yutu
2013-09-02 06:00,热带低压,33.6,177.2,1004,15,201316,Yutu
2013-09-02 12:00,热带低压,33.5,177.3,1004,15,201316,Yutu
2013-09-02 18:00,热带低压,33.4,177.5,1004,15,201316,Yutu
2013-09-03 00:00,热带低压,33.1,177.4,1004,15,201316,Yutu
2013-09-03 06:00,热带低压,32.6,177.2,1006,13,201316,Yutu
2013-09-03 12:00,热带低压,32.4,177.0,1006,13,201316,Yutu
2013-09-03 18:00,热带低压,32.2,176.7,1008,13,201316,Yutu
2013-09-04 00:00,热带低压,32.1,176.3,1008,13,201316,Yutu
2013-09-04 06:00,热带扰动,31.7,175.6,1010,10,201316,Yutu
2013-09-04 12:00,热带扰动,31.5,174.8,1012,10,201316,Yutu
2013-09-04 18:00,热带扰动,31.3,173.9,1012,10,201316,Yutu
2013-09-05 00:00,热带扰动,31.1,172.9,1012,10,201316,Yutu
2013-09-05 06:00,热带扰动,31.0,171.9,1012,10,201316,Yutu
2013-08-31 12:00,热带低压,24.8,122.4,1006,13,201317,Toraji
2013-08-31 18:00,热带低压,25.0,122.8,1004,13,201317,Toraji
2013-09-01 00:00,热带低压,25.3,123.3,1004,15,201317,Toraji
2013-09-01 06:00,热带低压,25.6,123.8,1004,15,201317,Toraji
2013-09-01 12:00,热带低压,25.9,124.3,1004,15,201317,Toraji
2013-09-01 18:00,热带风暴,26.2,124.7,1000,18,201317,Toraji
2013-09-02 00:00,热带风暴,26.6,125.4,995,20,201317,Toraji
2013-09-02 06:00,热带风暴,27.2,126.1,995,20,201317,Toraji
2013-09-02 12:00,热带风暴,27.7,126.6,995,20,201317,Toraji
2013-09-02 18:00,热带风暴,28.0,127.1,990,23,201317,Toraji
2013-09-03 00:00,热带风暴,28.8,127.5,990,23,201317,Toraji
2013-09-03 06:00,强热带风暴,29.5,128.1,985,25,201317,Toraji
2013-09-03 12:00,强热带风暴,30.1,129.1,985,25,201317,Toraji
2013-09-03 18:00,强热带风暴,31.2,130.4,985,25,201317,Toraji
2013-09-04 00:00,温带气旋,32.5,132.5,998,18,201317,Toraji
2013-09-04 06:00,温带气旋,32.2,133.5,1002,15,201317,Toraji
2013-09-11 18:00,热带低压,19.6,148.2,1008,13,201318,Man-yi
2013-09-12 00:00,热带低压,20.5,146.6,1008,13,201318,Man-yi
2013-09-12 06:00,热带低压,20.8,145.7,1006,15,201318,Man-yi
2013-09-12 12:00,热带低压,20.9,145.2,1004,15,201318,Man-yi
2013-09-12 18:00,热带低压,21.0,144.5,1004,15,201318,Man-yi
2013-09-13 00:00,热带风暴,22.0,142.6,1000,18,201318,Man-yi
2013-09-13 06:00,热带风暴,22.8,140.8,998,18,201318,Man-yi
2013-09-13 12:00,热带风暴,23.3,139.9,998,18,201318,Man-yi
2013-09-13 18:00,热带风暴,23.5,138.8,994,20,201318,Man-yi
2013-09-14 00:00,热带风暴,24.2,137.5,990,23,201318,Man-yi
2013-09-14 06:00,强热带风暴,25.1,136.6,985,25,201318,Man-yi
2013-09-14 12:00,强热带风暴,26.3,135.6,985,25,201318,Man-yi
2013-09-14 18:00,强热带风暴,27.3,135.0,985,25,201318,Man-yi
2013-09-15 00:00,强热带风暴,28.6,134.4,980,25,201318,Man-yi
2013-09-15 06:00,强热带风暴,30.1,134.5,975,28,201318,Man-yi
2013-09-15 12:00,强热带风暴,31.5,135.1,970,30,201318,Man-yi
2013-09-15 18:00,强热带风暴,32.9,135.9,970,30,201318,Man-yi
2013-09-16 00:00,强热带风暴,35.2,137.6,975,28,201318,Man-yi
2013-09-16 06:00,强热带风暴,37.9,141.2,980,25,201318,Man-yi
2013-09-16 12:00,温带气旋,40.8,144.4,980,20,201318,Man-yi
2013-09-16 18:00,温带气旋,45.0,149.9,980,15,201318,Man-yi
2013-09-17 00:00,温带气旋,50.0,154.0,980,15,201318,Man-yi
2013-09-16 06:00,热带低压,17.5,132.4,1006,13,201319,Usagi
2013-09-16 12:00,热带低压,17.1,132.2,1002,15,201319,Usagi
2013-09-16 18:00,热带风暴,17.3,132.0,1000,18,201319,Usagi
2013-09-17 00:00,热带风暴,17.6,131.6,1000,18,201319,Usagi
2013-09-17 06:00,热带风暴,17.6,131.2,1000,18,201319,Usagi
2013-09-17 12:00,热带风暴,17.4,130.9,996,20,201319,Usagi
2013-09-17 18:00,热带风暴,17.2,130.7,990,23,201319,Usagi
2013-09-18 00:00,强热带风暴,17.0,130.5,985,25,201319,Usagi
2013-09-18 06:00,强热带风暴,17.2,130.1,982,28,201319,Usagi
2013-09-18 12:00,台风,17.3,129.6,975,33,201319,Usagi
2013-09-18 18:00,台风,17.2,128.7,965,38,201319,Usagi
2013-09-19 00:00,台风,17.0,128.3,960,40,201319,Usagi
2013-09-19 06:00,强台风,17.5,128.0,945,48,201319,Usagi
2013-09-19 12:00,超强台风,18.2,127.2,920,58,201319,Usagi
2013-09-19 18:00,超强台风,18.8,126.4,915,60,201319,Usagi
2013-09-20 00:00,超强台风,19.3,125.5,915,60,201319,Usagi
2013-09-20 06:00,超强台风,19.7,124.6,915,60,201319,Usagi
2013-09-20 12:00,超强台风,20.1,123.8,920,58,201319,Usagi
2013-09-20 18:00,超强台风,20.4,122.7,920,58,201319,Usagi
2013-09-21 00:00,超强台风,20.6,121.8,925,55,201319,Usagi
2013-09-21 06:00,超强台风,20.8,120.8,925,55,201319,Usagi
2013-09-21 12:00,超强台风,21.1,119.8,930,52,201319,Usagi
2013-09-21 18:00,强台风,21.4,118.9,930,50,201319,Usagi
2013-09-22 00:00,强台风,21.8,117.9,930,50,201319,Usagi
2013-09-22 06:00,强台风,22.4,116.8,930,50,201319,Usagi
2013-09-22 12:00,强台风,22.8,115.4,935,45,201319,Usagi
2013-09-22 18:00,台风,23.1,113.9,975,33,201319,Usagi
2013-09-23 00:00,热带低压,23.7,112.3,988,16,201319,Usagi
2013-09-23 06:00,热带低压,24.2,111.2,994,13,201319,Usagi
2013-09-23 12:00,热带低压,24.7,109.9,998,13,201319,Usagi
2013-09-23 18:00,热带扰动,25.1,108.8,1000,10,201319,Usagi
2013-09-24 00:00,热带扰动,24.8,107.8,1002,10,201319,Usagi
2013-09-19 06:00,热带扰动,14.5,148.5,1004,10,201320,Pabuk
2013-09-19 12:00,热带扰动,15.1,149.1,1004,10,201320,Pabuk
2013-09-19 18:00,热带低压,15.7,149.3,1002,13,201320,Pabuk
2013-09-20 00:00,热带低压,16.5,149.5,1002,13,201320,Pabuk
2013-09-20 06:00,热带低压,18.2,149.0,1000,13,201320,Pabuk
2013-09-20 12:00,热带低压,19.0,148.0,1000,15,201320,Pabuk
2013-09-20 18:00,热带低压,19.6,146.6,998,15,201320,Pabuk
2013-09-21 00:00,热带低压,19.7,145.9,998,15,201320,Pabuk
2013-09-21 06:00,热带风暴,19.9,145.1,996,18,201320,Pabuk
2013-09-21 12:00,热带风暴,20.2,144.5,996,18,201320,Pabuk
2013-09-21 18:00,热带风暴,20.7,144.1,992,20,201320,Pabuk
2013-09-22 00:00,热带风暴,21.4,143.3,990,23,201320,Pabuk
2013-09-22 06:00,强热带风暴,22.1,142.6,985,25,201320,Pabuk
2013-09-22 12:00,强热带风暴,22.7,142.2,985,25,201320,Pabuk
2013-09-22 18:00,强热带风暴,23.1,141.8,985,25,201320,Pabuk
2013-09-23 00:00,强热带风暴,23.9,141.5,985,25,201320,Pabuk
2013-09-23 06:00,强热带风暴,24.8,141.1,980,28,201320,Pabuk
2013-09-23 12:00,台风,25.1,140.5,970,33,201320,Pabuk
2013-09-23 18:00,台风,25.5,140.2,970,33,201320,Pabuk
2013-09-24 00:00,台风,25.9,139.8,970,33,201320,Pabuk
2013-09-24 06:00,台风,26.2,139.3,970,33,201320,Pabuk
2013-09-24 12:00,台风,26.7,138.9,965,38,201320,Pabuk
2013-09-24 18:00,台风,27.6,138.5,965,38,201320,Pabuk
2013-09-25 00:00,台风,28.5,138.5,965,38,201320,Pabuk
2013-09-25 06:00,台风,29.5,139.0,965,38,201320,Pabuk
2013-09-25 12:00,台风,30.4,140.1,965,38,201320,Pabuk
2013-09-25 18:00,台风,31.0,141.5,965,38,201320,Pabuk
2013-09-26 00:00,台风,32.2,143.4,965,38,201320,Pabuk
2013-09-26 06:00,台风,33.8,145.2,965,35,201320,Pabuk
2013-09-26 12:00,台风,35.1,147.2,965,35,201320,Pabuk
2013-09-26 18:00,台风,37.2,149.6,970,33,201320,Pabuk
2013-09-27 00:00,温带气旋,39.8,152.2,982,25,201320,Pabuk
2013-09-27 06:00,温带气旋,42.5,156.5,985,20,201320,Pabuk
2013-09-25 18:00,热带低压,14.9,118.3,1006,13,201321,Wutip
2013-09-26 00:00,热带低压,14.8,118.1,1006,13,201321,Wutip
2013-09-26 06:00,热带低压,14.6,118.0,1004,15,201321,Wutip
2013-09-26 12:00,热带低压,14.9,117.9,1004,15,201321,Wutip
2013-09-26 18:00,热带低压,15.5,117.7,1004,15,201321,Wutip
2013-09-27 00:00,热带低压,16.2,117.2,1004,15,201321,Wutip
2013-09-27 06:00,热带风暴,16.8,116.4,1000,18,201321,Wutip
2013-09-27 12:00,热带风暴,16.7,115.3,996,20,201321,Wutip
2013-09-27 18:00,热带风暴,16.5,114.4,992,23,201321,Wutip
2013-09-28 00:00,强热带风暴,16.4,114.2,985,28,201321,Wutip
2013-09-28 06:00,强热带风暴,16.7,114.0,980,30,201321,Wutip
2013-09-28 12:00,台风,16.8,113.8,975,33,201321,Wutip
2013-09-28 18:00,台风,16.8,113.2,965,38,201321,Wutip
2013-09-29 00:00,强台风,16.8,112.5,950,45,201321,Wutip
2013-09-29 06:00,强台风,16.7,111.8,955,42,201321,Wutip
2013-09-29 12:00,台风,16.7,111.0,965,38,201321,Wutip
2013-09-29 18:00,台风,16.8,110.0,960,40,201321,Wutip
2013-09-30 00:00,台风,17.1,108.7,960,40,201321,Wutip
2013-09-30 06:00,强台风,17.7,107.7,955,42,201321,Wutip
2013-09-30 12:00,强热带风暴,17.8,105.8,975,30,201321,Wutip
2013-09-30 18:00,热带风暴,17.8,104.0,995,20,201321,Wutip
2013-10-01 00:00,热带低压,17.6,102.3,1006,13,201321,Wutip
2013-09-29 06:00,热带低压,26.2,151.7,1002,15,201322,Sepat
2013-09-29 12:00,热带低压,26.0,149.8,1002,15,201322,Sepat
2013-09-29 18:00,热带低压,26.1,148.2,1002,15,201322,Sepat
2013-09-30 00:00,热带风暴,26.5,146.8,1000,18,201322,Sepat
2013-09-30 06:00,热带风暴,27.2,145.1,1000,18,201322,Sepat
2013-09-30 12:00,热带风暴,28.0,143.8,998,18,201322,Sepat
2013-09-30 18:00,热带风暴,28.6,142.3,998,18,201322,Sepat
2013-10-01 00:00,热带风暴,29.2,141.7,998,18,201322,Sepat
2013-10-01 06:00,热带风暴,30.1,141.4,990,23,201322,Sepat
2013-10-01 12:00,热带风暴,31.2,141.3,994,20,201322,Sepat
2013-10-01 18:00,热带风暴,32.4,141.2,994,20,201322,Sepat
2013-10-02 00:00,热带风暴,33.9,141.5,994,20,201322,Sepat
2013-10-02 06:00,热带风暴,35.4,142.1,994,20,201322,Sepat
2013-10-02 12:00,热带风暴,37.4,143.3,994,20,201322,Sepat
2013-10-02 18:00,温带气旋,40.2,146.0,996,18,201322,Sepat
2013-10-03 00:00,温带气旋,43.9,149.5,996,18,201322,Sepat
2013-10-03 06:00,温带气旋,48.2,153.7,998,15,201322,Sepat
2013-09-29 12:00,热带低压,10.2,134.1,1004,13,201323,Fitow
2013-09-29 18:00,热带低压,11.0,133.6,1004,13,201323,Fitow
2013-09-30 00:00,热带低压,11.9,133.2,1002,15,201323,Fitow
2013-09-30 06:00,热带低压,12.7,133.1,1002,15,201323,Fitow
2013-09-30 12:00,热带风暴,13.5,132.6,1000,18,201323,Fitow
2013-09-30 18:00,热带风暴,13.9,132.3,998,18,201323,Fitow
2013-10-01 00:00,热带风暴,14.5,131.9,996,20,201323,Fitow
2013-10-01 06:00,热带风暴,15.1,131.5,990,23,201323,Fitow
2013-10-01 12:00,强热带风暴,16.0,131.3,980,28,201323,Fitow
2013-10-01 18:00,强热带风暴,17.0,131.1,980,28,201323,Fitow
2013-10-02 00:00,强热带风暴,17.8,130.6,975,30,201323,Fitow
2013-10-02 06:00,强热带风暴,18.4,130.1,975,30,201323,Fitow
2013-10-02 12:00,强热带风暴,19.0,129.9,975,30,201323,Fitow
2013-10-02 18:00,强热带风暴,19.6,129.8,975,30,201323,Fitow
2013-10-03 00:00,强热带风暴,20.1,129.8,975,30,201323,Fitow
2013-10-03 06:00,强热带风暴,20.5,129.7,975,30,201323,Fitow
2013-10-03 12:00,台风,21.1,129.7,970,33,201323,Fitow
2013-10-03 18:00,台风,21.6,129.8,960,38,201323,Fitow
2013-10-04 00:00,台风,22.2,129.8,955,40,201323,Fitow
2013-10-04 06:00,台风,22.7,129.6,955,40,201323,Fitow
2013-10-04 12:00,强台风,23.3,129.2,945,45,201323,Fitow
2013-10-04 18:00,强台风,23.7,128.5,945,45,201323,Fitow
2013-10-05 00:00,强台风,24.4,127.7,945,45,201323,Fitow
2013-10-05 06:00,强台风,24.7,127.0,945,45,201323,Fitow
2013-10-05 12:00,强台风,25.0,125.9,945,45,201323,Fitow
2013-10-05 18:00,强台风,25.3,124.8,945,45,201323,Fitow
2013-10-06 00:00,强台风,25.7,123.8,955,42,201323,Fitow
2013-10-06 06:00,强台风,26.1,123.0,955,42,201323,Fitow
2013-10-06 12:00,强台风,26.8,121.8,955,42,201323,Fitow
2013-10-06 18:00,强台风,27.1,120.2,965,42,201323,Fitow
2013-10-07 00:00,热带风暴,26.9,118.8,995,18,201323,Fitow
2013-10-07 06:00,热带低压,26.7,117.8,1000,13,201323,Fitow
2013-10-01 18:00,热带低压,17.5,151.8,1008,13,201324,Danas
2013-10-02 00:00,热带低压,17.3,151.2,1008,13,201324,Danas
2013-10-02 06:00,热带低压,17.2,150.7,1008,13,201324,Danas
2013-10-02 12:00,热带低压,16.9,150.5,1006,15,201324,Danas
2013-10-02 18:00,热带低压,16.5,150.1,1006,15,201324,Danas
2013-10-03 00:00,热带低压,16.4,149.8,1004,15,201324,Danas
2013-10-03 06:00,热带低压,16.2,149.5,1004,15,201324,Danas
2013-10-03 12:00,热带低压,15.8,148.6,1002,15,201324,Danas
2013-10-03 18:00,热带低压,16.0,147.8,1002,15,201324,Danas
2013-10-04 00:00,热带低压,16.2,146.7,1002,15,201324,Danas
2013-10-04 06:00,热带风暴,16.7,146.0,998,18,201324,Danas
2013-10-04 12:00,热带风暴,17.2,144.8,998,18,201324,Danas
2013-10-04 18:00,热带风暴,17.9,143.9,996,20,201324,Danas
2013-10-05 00:00,热带风暴,18.3,142.3,990,23,201324,Danas
2013-10-05 06:00,强热带风暴,18.7,140.8,985,25,201324,Danas
2013-10-05 12:00,强热带风暴,19.5,139.5,980,30,201324,Danas
2013-10-05 18:00,台风,20.3,138.1,970,35,201324,Danas
2013-10-06 00:00,台风,21.1,136.5,965,38,201324,Danas
2013-10-06 06:00,台风,22.1,135.0,960,40,201324,Danas
2013-10-06 12:00,强台风,22.8,133.5,955,42,201324,Danas
2013-10-06 18:00,强台风,24.0,131.7,950,45,201324,Danas
2013-10-07 00:00,强台风,25.2,130.2,945,48,201324,Danas
2013-10-07 06:00,强台风,26.6,128.8,940,50,201324,Danas
2013-10-07 12:00,强台风,28.1,127.8,950,45,201324,Danas
2013-10-07 18:00,台风,29.7,127.1,955,40,201324,Danas
2013-10-08 00:00,台风,31.2,127.0,965,35,201324,Danas
2013-10-08 06:00,强热带风暴,32.6,127.6,975,28,201324,Danas
2013-10-08 12:00,强热带风暴,34.5,129.4,980,25,201324,Danas
2013-10-08 18:00,热带风暴,35.6,131.5,990,20,201324,Danas
2013-10-09 00:00,温带气旋,37.6,135.0,995,15,201324,Danas
2013-10-09 06:00,温带气旋,37.8,135.8,1000,13,201324,Danas
2013-10-08 12:00,热带低压,14.0,131.5,1004,13,201325,Nari
2013-10-08 18:00,热带低压,14.2,131.0,1002,13,201325,Nari
2013-10-09 00:00,热带低压,14.3,130.3,1002,15,201325,Nari
2013-10-09 06:00,热带低压,14.4,129.5,1002,15,201325,Nari
2013-10-09 12:00,热带风暴,14.5,129.0,998,18,201325,Nari
2013-10-09 18:00,热带风暴,14.7,128.5,995,20,201325,Nari
2013-10-10 00:00,强热带风暴,15.2,127.8,985,25,201325,Nari
2013-10-10 06:00,强热带风暴,15.4,127.0,980,30,201325,Nari
2013-10-10 12:00,台风,15.5,126.1,975,33,201325,Nari
2013-10-10 18:00,台风,15.4,125.3,970,35,201325,Nari
2013-10-11 00:00,台风,15.3,124.4,965,38,201325,Nari
2013-10-11 06:00,强台风,15.5,123.4,955,42,201325,Nari
2013-10-11 12:00,强台风,15.5,122.5,955,42,201325,Nari
2013-10-11 18:00,台风,15.5,120.6,965,38,201325,Nari
2013-10-12 00:00,台风,15.2,119.2,970,35,201325,Nari
2013-10-12 06:00,台风,15.2,118.2,970,35,201325,Nari
2013-10-12 12:00,台风,15.2,117.0,960,40,201325,Nari
2013-10-12 18:00,台风,15.3,115.7,960,40,201325,Nari
2013-10-13 00:00,台风,15.3,114.7,960,40,201325,Nari
2013-10-13 06:00,台风,15.4,113.7,960,40,201325,Nari
2013-10-13 12:00,台风,15.4,112.9,960,40,201325,Nari
2013-10-13 18:00,台风,15.3,112.1,960,40,201325,Nari
2013-10-14 00:00,台风,15.6,111.5,960,40,201325,Nari
2013-10-14 06:00,台风,16.0,110.7,960,40,201325,Nari
2013-10-14 12:00,台风,16.1,110.1,965,38,201325,Nari
2013-10-14 18:00,台风,16.1,109.2,970,35,201325,Nari
2013-10-15 00:00,强热带风暴,15.8,108.2,980,28,201325,Nari
2013-10-15 06:00,热带风暴,15.5,107.2,990,23,201325,Nari
2013-10-15 12:00,热带风暴,15.6,106.3,995,20,201325,Nari
2013-10-15 18:00,热带低压,15.6,105.3,1000,15,201325,Nari
2013-10-16 00:00,热带低压,15.6,104.2,1002,15,201325,Nari
2013-10-16 06:00,热带低压,15.9,103.1,1004,13,201325,Nari
2013-10-16 12:00,热带低压,16.2,102.3,1004,13,201325,Nari
2013-10-09 18:00,热带低压,13.5,146.3,1004,13,201326,Wipha
2013-10-10 00:00,热带低压,13.5,145.6,1002,15,201326,Wipha
2013-10-10 06:00,热带低压,13.8,144.7,1000,15,201326,Wipha
2013-10-10 12:00,热带风暴,13.7,143.7,998,18,201326,Wipha
2013-10-10 18:00,热带风暴,13.5,142.8,998,18,201326,Wipha
2013-10-11 00:00,热带风暴,13.9,142.1,995,20,201326,Wipha
2013-10-11 06:00,热带风暴,14.3,141.0,995,20,201326,Wipha
2013-10-11 12:00,热带风暴,14.7,140.5,990,23,201326,Wipha
2013-10-11 18:00,强热带风暴,15.4,140.0,985,25,201326,Wipha
2013-10-12 00:00,强热带风暴,16.1,139.2,980,28,201326,Wipha
2013-10-12 06:00,强热带风暴,16.8,138.8,975,30,201326,Wipha
2013-10-12 12:00,台风,17.3,138.3,970,33,201326,Wipha
2013-10-12 18:00,台风,18.0,137.9,968,35,201326,Wipha
2013-10-13 00:00,台风,18.4,137.4,960,40,201326,Wipha
2013-10-13 06:00,强台风,19.1,137.1,950,45,201326,Wipha
2013-10-13 12:00,强台风,19.8,136.4,945,48,201326,Wipha
2013-10-13 18:00,强台风,20.6,135.9,940,50,201326,Wipha
2013-10-14 00:00,强台风,21.7,135.5,940,50,201326,Wipha
2013-10-14 06:00,强台风,23.0,134.9,940,50,201326,Wipha
2013-10-14 12:00,强台风,24.3,134.3,950,45,201326,Wipha
2013-10-14 18:00,强台风,25.6,133.8,950,45,201326,Wipha
2013-10-15 00:00,台风,26.8,133.9,955,40,201326,Wipha
2013-10-15 06:00,台风,28.5,134.6,960,38,201326,Wipha
2013-10-15 12:00,台风,30.5,136.4,960,38,201326,Wipha
2013-10-15 18:00,台风,32.9,138.9,962,35,201326,Wipha
2013-10-16 00:00,强热带风暴,36.2,142.4,962,30,201326,Wipha
2013-10-16 06:00,温带气旋,40.8,145.7,964,25,201326,Wipha
2013-10-16 12:00,温带气旋,43.7,148.6,964,25,201326,Wipha
2013-10-15 18:00,热带低压,13.2,146.8,1004,13,201327,Francisco
2013-10-16 00:00,热带低压,12.7,145.2,1002,13,201327,Francisco
2013-10-16 06:00,热带低压,12.2,144.4,1000,15,201327,Francisco
2013-10-16 12:00,热带风暴,11.4,143.5,998,18,201327,Francisco
2013-10-16 18:00,强热带风暴,10.9,143.0,990,25,201327,Francisco
2013-10-17 00:00,强热带风暴,11.1,142.7,980,30,201327,Francisco
2013-10-17 06:00,台风,11.4,142.7,970,38,201327,Francisco
2013-10-17 12:00,强台风,12.1,142.9,955,42,201327,Francisco
2013-10-17 18:00,强台风,13.1,142.6,950,45,201327,Francisco
2013-10-18 00:00,超强台风,13.8,142.2,935,52,201327,Francisco
2013-10-18 06:00,超强台风,14.2,142.0,930,55,201327,Francisco
2013-10-18 12:00,超强台风,15.2,141.8,925,58,201327,Francisco
2013-10-18 18:00,超强台风,15.9,141.1,920,60,201327,Francisco
2013-10-19 00:00,超强台风,16.2,140.4,920,60,201327,Francisco
2013-10-19 06:00,超强台风,16.7,139.7,920,60,201327,Francisco
2013-10-19 12:00,超强台风,17.1,139.1,915,62,201327,Francisco
2013-10-19 18:00,超强台风,17.5,138.3,915,62,201327,Francisco
2013-10-20 00:00,超强台风,17.8,137.7,915,62,201327,Francisco
2013-10-20 06:00,超强台风,18.4,137.3,925,58,201327,Francisco
2013-10-20 12:00,超强台风,18.8,136.8,930,55,201327,Francisco
2013-10-20 18:00,强台风,19.3,136.6,940,50,201327,Francisco
2013-10-21 00:00,强台风,19.7,136.2,945,48,201327,Francisco
2013-10-21 06:00,强台风,20.3,135.9,950,45,201327,Francisco
2013-10-21 12:00,强台风,21.0,135.7,955,42,201327,Francisco
2013-10-21 18:00,强台风,21.6,135.2,955,42,201327,Francisco
2013-10-22 00:00,台风,22.3,134.4,960,40,201327,Francisco
2013-10-22 06:00,台风,22.7,133.7,960,40,201327,Francisco
2013-10-22 12:00,台风,23.2,133.0,960,40,201327,Francisco
2013-10-22 18:00,台风,23.5,132.2,960,40,201327,Francisco
2013-10-23 00:00,台风,24.0,131.4,965,38,201327,Francisco
2013-10-23 06:00,台风,24.3,130.5,965,38,201327,Francisco
2013-10-23 12:00,台风,24.5,130.1,975,33,201327,Francisco
2013-10-23 18:00,台风,24.9,129.8,975,33,201327,Francisco
2013-10-24 00:00,台风,25.1,129.7,975,33,201327,Francisco
2013-10-24 06:00,台风,25.8,129.9,975,33,201327,Francisco
2013-10-24 12:00,强热带风暴,26.4,130.2,980,30,201327,Francisco
2013-10-24 18:00,强热带风暴,27.2,130.6,980,30,201327,Francisco
2013-10-25 00:00,强热带风暴,27.9,131.6,982,28,201327,Francisco
2013-10-25 06:00,强热带风暴,28.8,133.0,982,25,201327,Francisco
2013-10-25 12:00,热带风暴,29.7,134.7,985,23,201327,Francisco
2013-10-25 18:00,热带风暴,30.5,136.9,985,23,201327,Francisco
2013-10-26 00:00,热带风暴,31.8,139.8,990,20,201327,Francisco
2013-10-26 06:00,温带气旋,32.6,144.2,992,18,201327,Francisco
2013-10-19 06:00,热带低压,9.0,162.4,1004,13,201328,Lekima
2013-10-19 12:00,热带低压,9.1,162.1,1004,13,201328,Lekima
2013-10-19 18:00,热带低压,9.3,161.8,1002,15,201328,Lekima
2013-10-20 00:00,热带低压,9.9,161.7,1002,15,201328,Lekima
2013-10-20 06:00,热带低压,10.2,161.3,1000,15,201328,Lekima
2013-10-20 12:00,热带低压,10.5,160.7,1000,15,201328,Lekima
2013-10-20 18:00,热带风暴,11.0,160.8,998,18,201328,Lekima
2013-10-21 00:00,热带风暴,11.6,160.8,990,23,201328,Lekima
2013-10-21 06:00,强热带风暴,12.2,160.6,988,25,201328,Lekima
2013-10-21 12:00,强热带风暴,13.1,160.1,980,30,201328,Lekima
2013-10-21 18:00,强热带风暴,13.8,159.1,980,30,201328,Lekima
2013-10-22 00:00,台风,15.2,158.1,970,38,201328,Lekima
2013-10-22 06:00,强台风,16.2,156.8,955,45,201328,Lekima
2013-10-22 12:00,超强台风,17.1,155.4,935,55,201328,Lekima
2013-10-22 18:00,超强台风,18.0,154.0,920,60,201328,Lekima
2013-10-23 00:00,超强台风,18.6,152.2,920,60,201328,Lekima
2013-10-23 06:00,超强台风,19.0,150.9,920,60,201328,Lekima
2013-10-23 12:00,超强台风,19.5,149.8,920,60,201328,Lekima
2013-10-23 18:00,超强台风,19.9,148.6,920,60,201328,Lekima
2013-10-24 00:00,超强台风,20.6,147.6,920,60,201328,Lekima
2013-10-24 06:00,超强台风,21.5,146.5,920,60,201328,Lekima
2013-10-24 12:00,超强台风,22.5,145.6,925,58,201328,Lekima
2013-10-24 18:00,超强台风,23.6,144.7,930,55,201328,Lekima
2013-10-25 00:00,超强台风,25.1,144.3,930,55,201328,Lekima
2013-10-25 06:00,超强台风,26.9,144.4,935,52,201328,Lekima
2013-10-25 12:00,强台风,29.3,145.1,950,45,201328,Lekima
2013-10-25 18:00,强台风,31.8,146.7,955,42,201328,Lekima
2013-10-26 00:00,台风,34.4,149.2,970,35,201328,Lekima
2013-10-26 06:00,台风,36.9,152.2,975,33,201328,Lekima
2013-10-26 12:00,温带气旋,39.4,155.3,985,20,201328,Lekima
2013-10-26 18:00,温带气旋,40.1,158.3,980,18,201328,Lekima
2013-10-27 18:00,热带低压,12.5,142.2,1006,13,201329,Krosa
2013-10-28 00:00,热带低压,14.0,140.4,1006,13,201329,Krosa
2013-10-28 06:00,热带低压,14.5,139.0,1006,13,201329,Krosa
2013-10-28 12:00,热带低压,15.1,137.0,1006,13,201329,Krosa
2013-10-28 18:00,热带低压,15.3,135.7,1004,15,201329,Krosa
2013-10-29 00:00,热带低压,15.3,134.3,1004,15,201329,Krosa
2013-10-29 06:00,热带低压,15.4,133.2,1002,15,201329,Krosa
2013-10-29 12:00,热带低压,15.6,132.2,1002,15,201329,Krosa
2013-10-29 18:00,热带风暴,16.1,131.1,1000,18,201329,Krosa
2013-10-30 00:00,热带风暴,16.3,129.7,995,21,201329,Krosa
2013-10-30 06:00,强热带风暴,16.9,128.5,988,25,201329,Krosa
2013-10-30 12:00,强热带风暴,17.2,126.9,985,28,201329,Krosa
2013-10-30 18:00,台风,17.5,125.4,975,33,201329,Krosa
2013-10-31 00:00,台风,17.7,124.2,975,35,201329,Krosa
2013-10-31 06:00,台风,18.0,123.1,960,40,201329,Krosa
2013-10-31 12:00,强台风,18.2,121.8,955,42,201329,Krosa
2013-10-31 18:00,台风,18.7,120.3,960,40,201329,Krosa
2013-11-01 00:00,台风,18.9,119.4,965,38,201329,Krosa
2013-11-01 06:00,台风,19.1,118.2,965,38,201329,Krosa
2013-11-01 12:00,强台风,19.3,117.3,955,42,201329,Krosa
2013-11-01 18:00,强台风,19.5,116.4,950,45,201329,Krosa
2013-11-02 00:00,强台风,19.6,115.9,950,45,201329,Krosa
2013-11-02 06:00,强台风,19.9,115.3,950,45,201329,Krosa
2013-11-02 12:00,强台风,20.1,115.1,955,42,201329,Krosa
2013-11-02 18:00,台风,20.3,114.8,975,35,201329,Krosa
2013-11-03 00:00,台风,20.3,114.6,975,35,201329,Krosa
2013-11-03 06:00,强热带风暴,20.3,114.4,980,30,201329,Krosa
2013-11-03 12:00,强热带风暴,19.9,114.0,988,25,201329,Krosa
2013-11-03 18:00,热带风暴,19.2,113.3,990,23,201329,Krosa
2013-11-04 00:00,热带风暴,18.5,112.4,995,18,201329,Krosa
2013-11-04 06:00,热带低压,17.6,111.3,1000,15,201329,Krosa
2013-11-04 12:00,热带低压,16.9,110.2,1002,15,201329,Krosa
2013-11-03 06:00,热带低压,6.0,156.0,1004,13,201330,Haiyan
2013-11-03 12:00,热带低压,6.1,154.7,1002,15,201330,Haiyan
2013-11-03 18:00,热带低压,6.2,153.2,1002,15,201330,Haiyan
2013-11-04 00:00,热带风暴,6.2,152.0,1000,18,201330,Haiyan
2013-11-04 06:00,热带风暴,6.2,150.2,995,20,201330,Haiyan
2013-11-04 12:00,热带风暴,6.4,149.0,990,23,201330,Haiyan
2013-11-04 18:00,强热带风暴,6.5,147.3,985,25,201330,Haiyan
2013-11-05 00:00,强热带风暴,6.5,146.0,980,30,201330,Haiyan
2013-11-05 06:00,台风,6.6,144.6,970,35,201330,Haiyan
2013-11-05 12:00,台风,6.8,143.0,960,40,201330,Haiyan
2013-11-05 18:00,强台风,7.2,141.3,950,45,201330,Haiyan
2013-11-06 00:00,超强台风,7.4,139.7,935,52,201330,Haiyan
2013-11-06 06:00,超强台风,7.6,137.9,935,52,201330,Haiyan
2013-11-06 12:00,超强台风,7.9,136.2,920,60,201330,Haiyan
2013-11-06 18:00,超强台风,8.2,134.3,920,60,201330,Haiyan
2013-11-07 00:00,超强台风,8.7,132.8,910,65,201330,Haiyan
2013-11-07 06:00,超强台风,9.3,131.1,905,68,201330,Haiyan
2013-11-07 12:00,超强台风,10.2,129.1,895,75,201330,Haiyan
2013-11-07 18:00,超强台风,10.6,127.0,890,78,201330,Haiyan
2013-11-08 00:00,超强台风,11.0,124.8,900,72,201330,Haiyan
2013-11-08 06:00,超强台风,11.4,122.6,930,55,201330,Haiyan
2013-11-08 12:00,超强台风,11.9,120.6,940,52,201330,Haiyan
2013-11-08 18:00,强台风,12.3,118.1,950,45,201330,Haiyan
2013-11-09 00:00,强台风,12.5,116.5,950,45,201330,Haiyan
2013-11-09 06:00,强台风,13.5,114.8,950,45,201330,Haiyan
2013-11-09 12:00,强台风,14.5,113.1,950,45,201330,Haiyan
2013-11-09 18:00,强台风,15.4,111.6,950,45,201330,Haiyan
2013-11-10 00:00,强台风,16.4,110.2,955,42,201330,Haiyan
2013-11-10 06:00,台风,17.9,109.0,960,40,201330,Haiyan
2013-11-10 12:00,台风,19.3,108.0,965,38,201330,Haiyan
2013-11-10 18:00,台风,20.5,107.4,975,33,201330,Haiyan
2013-11-11 00:00,强热带风暴,21.6,107.3,980,28,201330,Haiyan
2013-11-11 06:00,热带风暴,22.4,107.9,995,20,201330,Haiyan
2013-11-11 12:00,热带低压,22.5,108.6,998,15,201330,Haiyan
2013-11-12 00:00,热带低压,7.5,126.6,1004,13,201331,Podul
2013-11-12 06:00,热带低压,8.2,125.7,1002,13,201331,Podul
2013-11-12 12:00,热带低压,9.1,124.3,1004,13,201331,Podul
2013-11-12 18:00,热带低压,9.7,121.9,1002,15,201331,Podul
2013-11-13 00:00,热带低压,10.3,120.1,1004,15,201331,Podul
2013-11-13 06:00,热带低压,10.4,118.4,1002,15,201331,Podul
2013-11-13 12:00,热带低压,10.7,117.2,1002,15,201331,Podul
2013-11-13 18:00,热带低压,11.2,115.8,1002,15,201331,Podul
2013-11-14 00:00,热带低压,11.7,114.8,1002,15,201331,Podul
2013-11-14 06:00,热带低压,12.0,113.2,1002,15,201331,Podul
2013-11-14 12:00,热带风暴,12.0,111.9,1002,18,201331,Podul
2013-11-14 18:00,热带风暴,12.1,110.2,1002,18,201331,Podul
2013-11-15 00:00,热带低压,12.3,108.9,1006,15,201331,Podul
2013-11-15 06:00,热带低压,12.0,107.7,1008,13,201331,Podul
